<application>
  <component name="EasyCodeSetting">
    <option name="author" value="wanglei" />
    <option name="columnConfigGroupMap">
      <map>
        <entry key="Default">
          <value>
            <ColumnConfigGroup>
              <option name="elementList">
                <list>
                  <ColumnConfig>
                    <option name="title" value="disable" />
                    <option name="type" value="BOOLEAN" />
                  </ColumnConfig>
                  <ColumnConfig>
                    <option name="selectValue" value="input,book,bigInput,select,up,hide,date,time,switch,text,up,ups,um,selectTree,map,selectGrid,address" />
                    <option name="title" value="cloumnType" />
                    <option name="type" value="SELECT" />
                  </ColumnConfig>
                  <ColumnConfig>
                    <option name="title" value="isListShow" />
                    <option name="type" value="BOOLEAN" />
                  </ColumnConfig>
                  <ColumnConfig>
                    <option name="title" value="isFilter" />
                    <option name="type" value="BOOLEAN" />
                  </ColumnConfig>
                  <ColumnConfig>
                    <option name="title" value="isJoin" />
                    <option name="type" value="BOOLEAN" />
                  </ColumnConfig>
                </list>
              </option>
              <option name="name" value="Default" />
            </ColumnConfigGroup>
          </value>
        </entry>
      </map>
    </option>
    <option name="globalConfigGroupMap">
      <map>
        <entry key="Default">
          <value>
            <GlobalConfigGroup>
              <option name="elementList">
                <list>
                  <GlobalConfig>
                    <option name="name" value="init" />
                    <option name="value" value="##初始化区域&#10;&#10;##去掉表的t_前缀&#10;#if($tableInfo.obj.name.startsWith(&quot;t_&quot;))&#10;    $!tableInfo.setName($tool.getClassName($tableInfo.obj.name.substring(2)))&#10;#end&#10;&#10;&#10;&#10;##实现动态排除列&#10;#set($temp = $tool.newHashSet(&quot;createUser&quot;, &quot;updateUser&quot;, &quot;createTime&quot;, &quot;updateTime&quot;, &quot;isDelete&quot;))&#10;#foreach($item in $temp)&#10;    #set($newList = $tool.newArrayList())&#10;    #set($newOtherList = $tool.newArrayList())&#10;    #foreach($column in $tableInfo.fullColumn)&#10;        #if($column.name!=$item)&#10;            ##带有反回值的方法调用时使用$tool.call来消除返回值&#10;            $tool.call($newList.add($column))&#10;        #end&#10;    #end&#10;    #foreach($column in $tableInfo.otherColumn)&#10;        #if($column.name!=$item)&#10;        ##带有反回值的方法调用时使用$tool.call来消除返回值&#10;            $tool.call($newOtherList.add($column))&#10;        #end&#10;    #end&#10;    ##重新保存&#10;    $tableInfo.setFullColumn($newList)&#10;    $tableInfo.setOtherColumn($newOtherList)&#10;#end&#10;&#10;##对importList进行篡改&#10;#set($temp = $tool.newHashSet())&#10;#foreach($column in $tableInfo.fullColumn)&#10;    #if(!$column.type.startsWith(&quot;java.lang.&quot;))&#10;        ##带有反回值的方法调用时使用$tool.call来消除返回值&#10;        $tool.call($temp.add($column.type))&#10;    #end&#10;#end&#10;##覆盖&#10;#set($importList = $temp)" />
                  </GlobalConfig>
                  <GlobalConfig>
                    <option name="name" value="define" />
                    <option name="value" value="##（Velocity宏定义）&#10;&#10;##定义设置表名后缀的宏定义，调用方式：#setTableSuffix(&quot;Test&quot;)&#10;#macro(setTableSuffix $suffix)&#10;    #set($tableName = $!tool.append($tableInfo.name, $suffix))&#10;#end&#10;&#10;##定义设置包名后缀的宏定义，调用方式：#setPackageSuffix(&quot;Test&quot;)&#10;#macro(setPackageSuffix $suffix)&#10;#if($suffix!=&quot;&quot;)package #end#if($tableInfo.savePackageName!=&quot;&quot;)$!{tableInfo.savePackageName}.#{end}$!suffix;&#10;#end&#10;&#10;##定义直接保存路径与文件名简化的宏定义，调用方式：#save(&quot;/entity&quot;, &quot;.java&quot;)&#10;#macro(save $path $fileName)&#10;    $!callback.setSavePath($tool.append($tableInfo.savePath, $path))&#10;    $!callback.setFileName($tool.append($tableInfo.name, $fileName))&#10;#end&#10;&#10;##定义表注释的宏定义，调用方式：#tableComment(&quot;注释信息&quot;)&#10;#macro(tableComment $desc)&#10;/**&#10; * $!{tableInfo.comment}($!{tableInfo.name})$desc&#10; *&#10; * @author $!author&#10; * @since $!time.currTime()&#10; */&#10;#end&#10;&#10;##定义GET，SET方法的宏定义，调用方式：#getSetMethod($column)&#10;#macro(getSetMethod $column)&#10;&#10;    public $!{tool.getClsNameByFullName($column.type)} get$!{tool.firstUpperCase($column.name)}() {&#10;        return $!{column.name};&#10;    }&#10;&#10;    public void set$!{tool.firstUpperCase($column.name)}($!{tool.getClsNameByFullName($column.type)} $!{column.name}) {&#10;        this.$!{column.name} = $!{column.name};&#10;    }&#10;#end" />
                  </GlobalConfig>
                  <GlobalConfig>
                    <option name="name" value="autoImport" />
                    <option name="value" value="##自动导入包（仅导入实体属性需要的包，通常用于实体类）&#10;#foreach($import in $importList)&#10;import $!import;&#10;#end" />
                  </GlobalConfig>
                  <GlobalConfig>
                    <option name="name" value="mybatisSupport" />
                    <option name="value" value="##针对Mybatis 进行支持，主要用于生成xml文件&#10;#foreach($column in $tableInfo.fullColumn)&#10;    ##储存列类型&#10;    $tool.call($column.ext.put(&quot;sqlType&quot;, $tool.getField($column.obj.dataType, &quot;typeName&quot;)))&#10;    #if($tool.newHashSet(&quot;java.lang.String&quot;).contains($column.type))&#10;        #set($jdbcType=&quot;VARCHAR&quot;)&#10;    #elseif($tool.newHashSet(&quot;java.lang.Boolean&quot;, &quot;boolean&quot;).contains($column.type))&#10;        #set($jdbcType=&quot;BOOLEAN&quot;)&#10;    #elseif($tool.newHashSet(&quot;java.lang.Byte&quot;, &quot;byte&quot;).contains($column.type))&#10;        #set($jdbcType=&quot;BYTE&quot;)&#10;    #elseif($tool.newHashSet(&quot;java.lang.Integer&quot;, &quot;int&quot;, &quot;java.lang.Short&quot;, &quot;short&quot;).contains($column.type))&#10;        #set($jdbcType=&quot;INTEGER&quot;)&#10;    #elseif($tool.newHashSet(&quot;java.lang.Long&quot;, &quot;long&quot;).contains($column.type))&#10;        #set($jdbcType=&quot;LONG INTEGER&quot;)&#10;    #elseif($tool.newHashSet(&quot;java.lang.Float&quot;, &quot;float&quot;, &quot;java.lang.Double&quot;, &quot;double&quot;).contains($column.type))&#10;        #set($jdbcType=&quot;NUMERIC&quot;)&#10;    #elseif($tool.newHashSet(&quot;java.util.Date&quot;, &quot;java.sql.Timestamp&quot;, &quot;java.time.Instant&quot;, &quot;java.time.LocalDateTime&quot;, &quot;java.time.OffsetDateTime&quot;, &quot;&#9;java.time.ZonedDateTime&quot;).contains($column.type))&#10;        #set($jdbcType=&quot;TIMESTAMP&quot;)&#10;    #elseif($tool.newHashSet(&quot;java.sql.Date&quot;, &quot;java.time.LocalDate&quot;).contains($column.type))&#10;        #set($jdbcType=&quot;TIMESTAMP&quot;)&#10;    #else&#10;        ##其他类型&#10;        #set($jdbcType=&quot;OTHER&quot;)&#10;    #end&#10;    $tool.call($column.ext.put(&quot;jdbcType&quot;, $jdbcType))&#10;#end&#10;&#10;##定义宏，查询所有列&#10;#macro(allSqlColumn)#foreach($column in $tableInfo.fullColumn)$column.obj.name#if($velocityHasNext), #end#end#end" />
                  </GlobalConfig>
                </list>
              </option>
              <option name="name" value="Default" />
            </GlobalConfigGroup>
          </value>
        </entry>
      </map>
    </option>
    <option name="templateGroupMap">
      <map>
        <entry key="Default">
          <value>
            <TemplateGroup>
              <option name="elementList">
                <list>
                  <Template>
                    <option name="code" value="##引入宏定义&#10;$!define&#10;$!init&#10;##定义初始变量&#10;#set($tableName = $tool.append($tableInfo.name, &quot;Service&quot;))&#10;##设置回调&#10;$!callback.setFileName($tool.append($tableName, &quot;.java&quot;))&#10;$!callback.setSavePath($tool.append($tableInfo.savePath, &quot;/service&quot;))&#10;&#10;##拿到主键&#10;#if(!$tableInfo.pkColumn.isEmpty())&#10;    #set($pk = $tableInfo.pkColumn.get(0))&#10;#end&#10;&#10;#if($tableInfo.savePackageName)package $!{tableInfo.savePackageName}.#{end}service;&#10;&#10;import $!{tableInfo.savePackageName}.dox.$!{tableInfo.name}DO;&#10;import $!{tableInfo.savePackageName}.vo.$!{tableInfo.name}VO;&#10;import com.fhs.core.base.service.BaseService;&#10;&#10;/**&#10; * $!{tableInfo.comment}($!{tableInfo.name})}表服务接口&#10; *&#10; * @author $!author&#10; * @since $!time.currTime()&#10; */&#10;public interface $!{tableName} extends BaseService&lt;$!{tableInfo.name}VO,$!{tableInfo.name}DO&gt;{&#10;&#10;    &#10;&#10;}" />
                    <option name="name" value="service.java" />
                  </Template>
                  <Template>
                    <option name="code" value="##引入宏定义&#10;$!define&#10;$!init&#10;##定义初始变量&#10;#set($tableName = $tool.append($tableInfo.name, &quot;ServiceImpl&quot;))&#10;##设置回调&#10;$!callback.setFileName($tool.append($tableName, &quot;.java&quot;))&#10;$!callback.setSavePath($tool.append($tableInfo.savePath, &quot;/service/impl&quot;))&#10;&#10;##拿到主键&#10;#if(!$tableInfo.pkColumn.isEmpty())&#10;    #set($pk = $tableInfo.pkColumn.get(0))&#10;#end&#10;&#10;#if($tableInfo.savePackageName)package $!{tableInfo.savePackageName}.#{end}service.impl;&#10;&#10;import $!{tableInfo.savePackageName}.dox.$!{tableInfo.name}DO;&#10;import $!{tableInfo.savePackageName}.vo.$!{tableInfo.name}VO;&#10;import $!{tableInfo.savePackageName}.mapper.$!{tableInfo.name}Mapper;&#10;import $!{tableInfo.savePackageName}.service.$!{tableInfo.name}Service;&#10;import org.springframework.stereotype.Service;&#10;import com.fhs.core.cache.annotation.Namespace;&#10;import com.fhs.core.base.service.impl.BaseServiceImpl;&#10;&#10;/**&#10; * $!{tableInfo.comment}($!{tableInfo.name})表服务实现类&#10; *&#10; * @author $!author&#10; * @since $!time.currTime()&#10; */&#10;@Service&#10;@Namespace(&quot;$tableInfo.obj.name.substring(2)&quot;)&#10;public class $!{tableName} extends BaseServiceImpl&lt;$!{tableInfo.name}VO,$!{tableInfo.name}DO&gt; implements $!{tableInfo.name}Service {&#10;    &#10;}" />
                    <option name="name" value="serviceImpl.java" />
                  </Template>
                  <Template>
                    <option name="code" value="##引入宏定义&#10;$!define&#10;$!init&#10;##定义初始变量&#10;#set($tableName = $tool.append($tableInfo.name, &quot;Controller&quot;))&#10;##设置回调&#10;$!callback.setFileName($tool.append($tableName, &quot;.java&quot;))&#10;$!callback.setSavePath($tool.append($tableInfo.savePath, &quot;/controller&quot;))&#10;##拿到主键&#10;#if(!$tableInfo.pkColumn.isEmpty())&#10;    #set($pk = $tableInfo.pkColumn.get(0))&#10;#end&#10;&#10;#if($tableInfo.savePackageName)package $!{tableInfo.savePackageName}.#{end}controller;&#10;&#10;import $!{tableInfo.savePackageName}.dox.$!{tableInfo.name}DO;&#10;import $!{tableInfo.savePackageName}.vo.$!{tableInfo.name}VO;&#10;import org.springframework.web.bind.annotation.*;&#10;import com.fhs.module.base.controller.ModelSuperController;&#10;import io.swagger.annotations.Api;&#10;&#10;/**&#10; * $!{tableInfo.comment}($!{tableInfo.name})表控制层&#10; *&#10; * @author $!author&#10; * @since $!time.currTime()&#10; */&#10;&#10;@RestController&#10;@Api(tags={&quot;$!{tableInfo.comment}&quot;})&#10;@RequestMapping(&quot;/ms/$!tool.firstLowerCase($tableInfo.name)&quot;)&#10;public class $!{tableName} extends ModelSuperController&lt;$!{tableInfo.name}VO,$!{tableInfo.name}DO&gt; {&#10;   &#10;&#10;}" />
                    <option name="name" value="controller.java" />
                  </Template>
                  <Template>
                    <option name="code" value="##引入宏定义&#10;$!define&#10;$!init&#10;##引入mybatis支持&#10;$!mybatisSupport&#10;&#10;##设置保存名称与保存位置&#10;$!callback.setFileName($tool.append($!{tableInfo.obj.name.substring(2)}, &quot;.xml&quot;))&#10;$!callback.setSavePath($tool.append($modulePath, &quot;/src/main/resources/mapper&quot;))&#10;&#10;##拿到主键&#10;#if(!$tableInfo.pkColumn.isEmpty())&#10;    #set($pk = $tableInfo.pkColumn.get(0))&#10;#end&#10;&#10;&lt;?xml version=&quot;1.0&quot; encoding=&quot;UTF-8&quot;?&gt;&#10;&lt;!DOCTYPE mapper PUBLIC &quot;-//mybatis.org//DTD Mapper 3.0//EN&quot; &quot;http://mybatis.org/dtd/mybatis-3-mapper.dtd&quot;&gt;&#10;&lt;mapper namespace=&quot;$!{tableInfo.savePackageName}.mapper.$!{tableInfo.name}Mapper&quot;&gt;&#10;&#10;    &#10;&#10;&lt;/mapper&gt;" />
                    <option name="name" value="mapper.xml" />
                  </Template>
                  <Template>
                    <option name="code" value="//调试表原始对象&#10;$!tool.debug($tableInfo.obj)&#10;&#10;//调试列原始对象&#10;$!tool.debug($tableInfo.fullColumn.get(0).obj)&#10;&#10;//调试列原始列类型&#10;$!tool.debug($tableInfo.fullColumn.get(0).obj.dataType)&#10;&#10;//获取原始列类型中的字段&#10;sqlType = $!tool.getField($tableInfo.fullColumn.get(0).obj.dataType, &quot;typeName&quot;)&#10;&#10;//执行原始列类型中的方法&#10;sqlTypeLen = $!tableInfo.fullColumn.get(0).obj.dataType.getLength()&#10;" />
                    <option name="name" value="debug.json" />
                  </Template>
                  <Template>
                    <option name="code" value="##引入宏定义&#10;$!define&#10;$!init&#10;&#10;##使用宏定义设置回调（保存位置与文件后缀）&#10;#save(&quot;/pagex&quot;, &quot;.js&quot;)&#10;var modelConfig= {title:'$tableInfo.comment',pkey:'#foreach($column in $tableInfo.pkColumn)$!{column.obj.name}#end',type:'uuid',&#10;    orderBy:'update_time Desc',&#10;    namespace:&quot;$!{tableInfo.obj.name}请删除t_&quot;,table:'$!{tableInfo.obj.name}',trans:true};&#10;var listPage={&#10;    listFieldSett:function(){&#10;&#9;  return [&#10;#foreach($column in $tableInfo.otherColumn)&#10;#if($column.ext.isListShow)&#10;#if(${column.obj.name} eq 'is_disable')&#10;        {name:'is_disable',title:'是否禁用',width:'6%',formart:'formatRowColor',align:'center',trans:'book',key:'is_disable',showField:'transMap.is_disableName'},&#10;#elseif(${column.obj.name} eq 'create_user')&#10;        {name:'create_user',title:'创建人',width:'8%',align:'center',trans:'sysUser',showField:'transMap.create_userUserName'},&#10;#elseif(${column.obj.name} eq 'update_user')&#10;        {name:'update_user',title:'修改人',width:'8%',align:'center',trans:'sysUser',showField:'transMap.update_userUserName'},&#10;#else&#10;        {name:'${column.obj.name}',title:'${column.comment}',width:'10%',align:'center'#if(${column.ext.isJoin}),isJoin:true,namespace:'请补全',showField:'transMap.请补全'#end#if(${column.ext.cloumnType} eq 'book'),trans:'book',key:'${column.obj.name}',showField:'transMap.${column.obj.name}Name'#end},&#10;#end&#10;#end&#10;#end    ]},&#10;    isColumnButton:function(){&#10;&#9;  return  true;&#10;  },&#10;  filters:function(){&#10;      return [&#10;#foreach($column in $tableInfo.otherColumn)&#10;#if(${column.ext.isFilter})&#10;#if(${column.ext.cloumnType} eq 'book')&#10;        {name:'${column.obj.name}',title:'${column.comment}',type:'book',code:'${column.obj.name}'},&#10;#elseif(${column.ext.cloumnType} eq 'select')&#10;        {name:'${column.obj.name}',title:'${column.comment}',type:'select',url:'${path.basePath}/请补全',valuefield:'id',textfield:'显示字段名'},&#10;#elseif(${column.ext.cloumnType} eq 'input')&#10;        {name:'${column.obj.name}',title:'${column.comment}',type:'input',filterType:'='},&#10;#elseif(${column.ext.cloumnType} eq 'date')&#10;        {name: '${column.obj.name}',title: '${column.comment}',type:'date'},&#10;#end&#10;#end&#10;#end&#10;&#9; ];      &#10;  }, &#10;  buttons:function(){&#10;      return [];&#10;  },&#10;  disableButtons:function(){&#10;&#9;    return [];&#10;  },&#10;  otherFunctions:function(){&#10;      return {&#10;&#9;  }&#9;&#9;&#10;  }&#10;}; &#10;var add={ &#10;&#9;formFields:function(){&#10;&#9;     return [&#10;#foreach($column in $tableInfo.otherColumn)&#10;#if(${column.ext.cloumnType} eq 'input')&#10;            {name:'${column.obj.name}',title:'${column.comment}',type:'input'#if(${column.obj.notNull}),required:true#end},&#10;#end&#10;#if(${column.ext.cloumnType} eq 'book')&#10;            {name:'${column.obj.name}',title:'${column.comment}',type:'book',code:'${column.obj.name}'#if(${column.obj.notNull}),required:true#end},&#10;#end&#10;#if(${column.ext.cloumnType} eq 'bigInput')&#10;            {name:'${column.obj.name}',title:'${column.comment}',type:'bigInput'#if(${column.obj.notNull}),required:true#end},&#10;#end&#10;#if(${column.ext.cloumnType} eq 'select')&#10;#if(${column.obj.name} eq 'park_id')&#10;            {name:'park_id',type:'select',url:'${path.basePath}/ms/x/parking/findListData',valuefield:'id',textfield:'parkName',title:'停车场',required:true},         &#10;#else&#10;            {name:'${column.obj.name}',title:'${column.comment}',type:'select',url:'请补全'#if(${column.obj.notNull}),required:true#end},&#10;#end&#10;#end&#10;#if(${column.ext.cloumnType} eq 'selectTree')&#10;            {name:'${column.obj.name}',title:'${column.comment}',type:'selectTree',url:'请补全'#if(${column.obj.notNull}),required:true#end},&#10;#end&#10;#if(${column.ext.cloumnType} eq 'selectGrid')&#10;            {name:'${column.obj.name}',title:'${column.comment}',type:'selectGrid',url:'请补全',columns:'请补全',idField: '请补全',textField: '请补全'#if(${column.obj.notNull}),required:true#end},&#10;#end&#10;#if(${column.ext.cloumnType} eq 'switch')&#10;            {name:'${column.obj.name}',title:'${column.comment}',type:'switch',dft:false#if(${column.obj.notNull}),required:true#end},&#10;#end&#10;#if(${column.ext.cloumnType} eq 'um')&#10;            {name:'${column.obj.name}',title:'${column.comment}',type:'um',placeholder:'请输入富文本'#if(${column.obj.notNull}),required:true#end},&#10;#end&#10;#if(${column.ext.cloumnType} eq 'up')&#10;            {name:'${column.obj.name}',type:'up',title:'${column.comment}',placeholder:'请上传图片'#if(${column.obj.notNull}),required:true#end},&#10;#end&#10;#if(${column.ext.cloumnType} eq 'ups')&#10;            {name:'${column.obj.name}',title:'${column.comment}',type:'ups',placeholder:'请上传视频',max:'请补全',fileType:'video/*'#if(${column.obj.notNull}),required:true#end},&#10;#end&#10;#if(${column.ext.cloumnType} eq 'date')&#10;            {name:'${column.obj.name}',title:'${column.comment}',type:'date',placeholder:'请选择日期'#if(${column.obj.notNull}),required:true#end},&#10;#end&#10;#if(${column.ext.cloumnType} eq 'text')&#10;            {name:'${column.obj.name}',title:'${column.comment}',type:'text',placeholder:'多行文本'#if(${column.obj.notNull}),required:true#end},&#10;#end&#10;#if(${column.ext.cloumnType} eq 'hide')&#10;            {name:'${column.obj.name}',type:'hide'},&#10;#end&#10;#if(${column.ext.cloumnType} eq 'address')&#10;            {name:'longitude,latitude,address,provinceid,cityid,areaid',type:'address'#if(${column.obj.notNull}),required:true#end},&#10;#end  &#10;#end&#10;&#9;&#9; ];&#10;&#9;},&#10;    otherFunctions:function(){&#10;      return {&#10;&#9;     ready:function(){&#10;&#9;    },&#10;&#9;    loadSuccess:function(info){&#10;&#10;&#9;    },&#10;&#9;    onSave:function(){&#10;&#10;&#9;    },&#10;&#9;&#9;saveSucess:function(){&#10;&#9;    },&#10;&#9;&#9;saveError:function(){&#10;&#9;&#9;    &#10;&#9;    },&#10;&#9;  }&#9;&#9;&#10;   }&#10;}    " />
                    <option name="name" value="pagex" />
                  </Template>
                  <Template>
                    <option name="code" value="##引入宏定义&#10;$!define&#10;$!init&#10;&#10;##使用宏定义设置回调（保存位置与文件后缀）&#10;#save(&quot;/dox&quot;, &quot;DO.java&quot;)&#10;&#10;##使用宏定义设置包后缀&#10;#setPackageSuffix(&quot;dox&quot;)&#10;&#10;##使用全局变量实现默认包导入&#10;$!autoImport&#10;import java.io.Serializable;&#10;import com.fhs.core.base.dox.BaseDO;&#10;import com.mybatis.jpa.annotation.*;&#10;import com.fhs.core.valid.group.*;&#10;import javax.validation.constraints.*;&#10;import org.hibernate.validator.constraints.Length;&#10;import com.baomidou.mybatisplus.annotation.*;&#10;import io.swagger.annotations.ApiModel;&#10;import io.swagger.annotations.ApiModelProperty;&#10;import lombok.*;&#10;&#10;##使用宏定义实现类注释信息&#10;#tableComment(&quot;实体类&quot;)&#10;&#10;@Data&#10;@Builder&#10;@NoArgsConstructor&#10;@AllArgsConstructor&#10;@TableName(&quot;$!{tableInfo.obj.name}&quot;)&#10;@EqualsAndHashCode(callSuper = true)&#10;@ApiModel(value =&quot;$!{tableInfo.name}DO&quot;,description =&quot;$!{tableInfo.name}参数&quot;)&#10;public class $!{tableInfo.name}DO extends BaseDO&lt;$!{tableInfo.name}DO&gt; {&#10;    private static final long serialVersionUID = $!tool.serial();&#10;#foreach($column in $tableInfo.pkColumn)&#10;    @TableId(value = &quot;$!{column.obj.name}&quot;, type = IdType.UUID)&#10;    @NotNull(message = &quot;${column.comment}字段不可为空&quot;, groups = {Update.class, Delete.class})&#10;    @ApiModelProperty(value = &quot;$!{column.comment}&quot;)&#10;    private $!{tool.getClsNameByFullName($column.type)} $!{column.name};&#10;#end&#10;&#10;#foreach($column in $tableInfo.otherColumn)&#10;    #if(${column.comment})&#10;/**&#10;     * ${column.comment}&#10;     */&#10;    #end&#10;    #if(${column.obj.notNull})&#10;        #if(${column.shortType} eq 'String')&#10;@NotEmpty(message=&quot;${column.comment}字段不可为空&quot;, groups = {Add.class, Update.class})&#10;#end&#10;@NotNull(message=&quot;${column.comment}字段不可为null&quot;, groups = {Add.class, Update.class})&#10;  #end&#10;    #if(${column.shortType} eq 'String')&#10;@Length(message = &quot;${column.comment}字段的长度最大为${column.obj.dataType.length}&quot;, groups = {Add.class, Update.class}, max = ${column.obj.dataType.length})&#10;    #end&#10;@TableField(&quot;$!{column.obj.name}&quot;)&#10;@ApiModelProperty(value = &quot;${column.comment}&quot;)&#10;    private $!{tool.getClsNameByFullName($column.type)} $!{column.name};&#10;    &#10;#end&#10;&#10;&#10;}" />
                    <option name="name" value="DO" />
                  </Template>
                  <Template>
                    <option name="code" value="##引入宏定义&#10;$!define&#10;$!init&#10;&#10;##使用宏定义设置回调（保存位置与文件后缀）&#10;#save(&quot;/vo&quot;, &quot;VO.java&quot;)&#10;&#10;##使用宏定义设置包后缀&#10;#setPackageSuffix(&quot;vo&quot;)&#10;&#10;##使用全局变量实现默认包导入&#10;$!autoImport&#10;&#10;import $!{tableInfo.savePackageName}.dox.$!{tableInfo.name}DO;&#10;import com.fhs.core.base.pojo.vo.VO;&#10;import com.fhs.core.trans.anno.TransTypes;&#10;import com.fhs.core.trans.constant.TransType;&#10;import io.swagger.annotations.ApiModel;&#10;import lombok.*;&#10;&#10;##使用宏定义实现类注释信息&#10;#tableComment(&quot;实体类&quot;)&#10;&#10;@Data&#10;@NoArgsConstructor&#10;@EqualsAndHashCode(callSuper = true)&#10;@ApiModel(value =&quot;$!{tableInfo.name}VO&quot;,description =&quot;$!{tableInfo.name}参数&quot;)&#10;@TransTypes(types = {TransType.WORD_BOOK, TransType.AUTO_TRANS})&#10;public class $!{tableInfo.name}VO extends $!{tableInfo.name}DO implements VO {&#10;    &#10; }&#10;    " />
                    <option name="name" value="VO" />
                  </Template>
                  <Template>
                    <option name="code" value="##引入宏定义&#10;$!define&#10;$!init&#10;##定义初始变量&#10;#set($tableName = $tool.append($tableInfo.name, &quot;Mapper&quot;))&#10;##设置回调&#10;$!callback.setFileName($tool.append($tableName, &quot;.java&quot;))&#10;$!callback.setSavePath($tool.append($tableInfo.savePath, &quot;/mapper&quot;))&#10;&#10;##拿到主键&#10;#if(!$tableInfo.pkColumn.isEmpty())&#10;    #set($pk = $tableInfo.pkColumn.get(0))&#10;#end&#10;&#10;#if($tableInfo.savePackageName)package $!{tableInfo.savePackageName}.#{end}mapper;&#10;&#10;import $!{tableInfo.savePackageName}.dox.$!{tableInfo.name}DO;&#10;import com.fhs.core.base.mapper.FhsBaseMapper;&#10;import com.mybatis.jpa.annotation.MapperDefinition;&#10;import org.springframework.stereotype.Repository;&#10;&#10;/**&#10; * $!{tableInfo.comment}($!{tableInfo.name})表数据库访问层&#10; *&#10; * @author $!author&#10; * @since $!time.currTime()&#10; */&#10;@Repository&#10;@MapperDefinition(domainClass = $!{tableInfo.name}DO.class, orderBy = &quot; update_time DESC&quot;)&#10;public interface $!{tableName} extends FhsBaseMapper&lt;$!{tableInfo.name}DO&gt; {&#10;&#10;}" />
                    <option name="name" value="mapper.java" />
                  </Template>
                </list>
              </option>
              <option name="name" value="Default" />
            </TemplateGroup>
          </value>
        </entry>
        <entry key="MybatisPlus">
          <value>
            <TemplateGroup>
              <option name="elementList">
                <list>
                  <Template>
                    <option name="code" value="##导入宏定义&#10;$!define&#10;&#10;##保存文件（宏定义）&#10;#save(&quot;/entity&quot;, &quot;.java&quot;)&#10;&#10;##包路径（宏定义）&#10;#setPackageSuffix(&quot;entity&quot;)&#10;&#10;##自动导入包（全局变量）&#10;$!autoImport&#10;import com.baomidou.mybatisplus.extension.activerecord.Model;&#10;import java.io.Serializable;&#10;&#10;##表注释（宏定义）&#10;#tableComment(&quot;表实体类&quot;)&#10;@SuppressWarnings(&quot;serial&quot;)&#10;public class $!{tableInfo.name} extends Model&lt;$!{tableInfo.name}&gt; {&#10;#foreach($column in $tableInfo.fullColumn)&#10;    #if(${column.comment})//${column.comment}#end&#10;&#10;    private $!{tool.getClsNameByFullName($column.type)} $!{column.name};&#10;#end&#10;&#10;#foreach($column in $tableInfo.fullColumn)&#10;#getSetMethod($column)&#10;#end&#10;&#10;#foreach($column in $tableInfo.pkColumn)&#10;    /**&#10;     * 获取主键值&#10;     *&#10;     * @return 主键值&#10;     */&#10;    @Override&#10;    protected Serializable pkVal() {&#10;        return this.$!column.name;&#10;    }&#10;    #break&#10;#end&#10;}" />
                    <option name="name" value="entity" />
                  </Template>
                  <Template>
                    <option name="code" value="##导入宏定义&#10;$!define&#10;&#10;##设置表后缀（宏定义）&#10;#setTableSuffix(&quot;Dao&quot;)&#10;&#10;##保存文件（宏定义）&#10;#save(&quot;/dao&quot;, &quot;Dao.java&quot;)&#10;&#10;##包路径（宏定义）&#10;#setPackageSuffix(&quot;dao&quot;)&#10;&#10;import com.baomidou.mybatisplus.core.mapper.BaseMapper;&#10;import $!{tableInfo.savePackageName}.entity.$!tableInfo.name;&#10;&#10;##表注释（宏定义）&#10;#tableComment(&quot;表数据库访问层&quot;)&#10;public interface $!{tableName} extends BaseMapper&lt;$!tableInfo.name&gt; {&#10;&#10;}" />
                    <option name="name" value="dao" />
                  </Template>
                  <Template>
                    <option name="code" value="##导入宏定义&#10;$!define&#10;&#10;##设置表后缀（宏定义）&#10;#setTableSuffix(&quot;Service&quot;)&#10;&#10;##保存文件（宏定义）&#10;#save(&quot;/service&quot;, &quot;Service.java&quot;)&#10;&#10;##包路径（宏定义）&#10;#setPackageSuffix(&quot;service&quot;)&#10;&#10;import com.baomidou.mybatisplus.extension.service.IService;&#10;import $!{tableInfo.savePackageName}.entity.$!tableInfo.name;&#10;&#10;##表注释（宏定义）&#10;#tableComment(&quot;表服务接口&quot;)&#10;public interface $!{tableName} extends IService&lt;$!tableInfo.name&gt; {&#10;&#10;}" />
                    <option name="name" value="service" />
                  </Template>
                  <Template>
                    <option name="code" value="##导入宏定义&#10;$!define&#10;&#10;##设置表后缀（宏定义）&#10;#setTableSuffix(&quot;ServiceImpl&quot;)&#10;&#10;##保存文件（宏定义）&#10;#save(&quot;/service/impl&quot;, &quot;ServiceImpl.java&quot;)&#10;&#10;##包路径（宏定义）&#10;#setPackageSuffix(&quot;service.impl&quot;)&#10;&#10;import com.baomidou.mybatisplus.extension.service.impl.ServiceImpl;&#10;import $!{tableInfo.savePackageName}.dao.$!{tableInfo.name}Dao;&#10;import $!{tableInfo.savePackageName}.entity.$!{tableInfo.name};&#10;import $!{tableInfo.savePackageName}.service.$!{tableInfo.name}Service;&#10;import org.springframework.stereotype.Service;&#10;&#10;##表注释（宏定义）&#10;#tableComment(&quot;表服务实现类&quot;)&#10;@Service(&quot;$!tool.firstLowerCase($tableInfo.name)Service&quot;)&#10;public class $!{tableName} extends ServiceImpl&lt;$!{tableInfo.name}Dao, $!{tableInfo.name}&gt; implements $!{tableInfo.name}Service {&#10;&#10;}" />
                    <option name="name" value="serviceImpl" />
                  </Template>
                  <Template>
                    <option name="code" value="##导入宏定义&#10;$!define&#10;&#10;##设置表后缀（宏定义）&#10;#setTableSuffix(&quot;Controller&quot;)&#10;&#10;##保存文件（宏定义）&#10;#save(&quot;/controller&quot;, &quot;Controller.java&quot;)&#10;&#10;##包路径（宏定义）&#10;#setPackageSuffix(&quot;controller&quot;)&#10;&#10;##定义服务名&#10;#set($serviceName = $!tool.append($!tool.firstLowerCase($!tableInfo.name), &quot;Service&quot;))&#10;&#10;##定义实体对象名&#10;#set($entityName = $!tool.firstLowerCase($!tableInfo.name))&#10;&#10;import com.baomidou.mybatisplus.core.conditions.query.QueryWrapper;&#10;import com.baomidou.mybatisplus.extension.api.ApiController;&#10;import com.baomidou.mybatisplus.extension.api.ApiResult;&#10;import com.baomidou.mybatisplus.extension.plugins.pagination.Page;&#10;import $!{tableInfo.savePackageName}.entity.$!tableInfo.name;&#10;import $!{tableInfo.savePackageName}.service.$!{tableInfo.name}Service;&#10;import org.springframework.web.bind.annotation.*;&#10;&#10;import javax.annotation.Resource;&#10;import java.io.Serializable;&#10;import java.util.List;&#10;&#10;##表注释（宏定义）&#10;#tableComment(&quot;表控制层&quot;)&#10;@RestController&#10;@RequestMapping(&quot;$!tool.firstLowerCase($!tableInfo.name)&quot;)&#10;public class $!{tableName} extends ApiController {&#10;    /**&#10;     * 服务对象&#10;     */&#10;    @Resource&#10;    private $!{tableInfo.name}Service $!{serviceName};&#10;&#10;    /**&#10;     * 分页查询所有数据&#10;     *&#10;     * @param page 分页对象&#10;     * @param $!entityName 查询实体&#10;     * @return 所有数据&#10;     */&#10;    @GetMapping&#10;    public ApiResult selectAll(Page&lt;$!tableInfo.name&gt; page, $!tableInfo.name $!entityName) {&#10;        return success(this.$!{serviceName}.page(page, new QueryWrapper&lt;&gt;($!entityName)));&#10;    }&#10;&#10;    /**&#10;     * 通过主键查询单条数据&#10;     *&#10;     * @param id 主键&#10;     * @return 单条数据&#10;     */&#10;    @GetMapping(&quot;{id}&quot;)&#10;    public ApiResult selectOne(@PathVariable Serializable id) {&#10;        return success(this.$!{serviceName}.getById(id));&#10;    }&#10;&#10;    /**&#10;     * 新增数据&#10;     *&#10;     * @param $!entityName 实体对象&#10;     * @return 新增结果&#10;     */&#10;    @PostMapping&#10;    public ApiResult insert(@RequestBody $!tableInfo.name $!entityName) {&#10;        return success(this.$!{serviceName}.save($!entityName));&#10;    }&#10;&#10;    /**&#10;     * 修改数据&#10;     *&#10;     * @param $!entityName 实体对象&#10;     * @return 修改结果&#10;     */&#10;    @PutMapping&#10;    public ApiResult update(@RequestBody $!tableInfo.name $!entityName) {&#10;        return success(this.$!{serviceName}.updateById($!entityName));&#10;    }&#10;&#10;    /**&#10;     * 删除数据&#10;     *&#10;     * @param idList 主键结合&#10;     * @return 删除结果&#10;     */&#10;    @DeleteMapping&#10;    public ApiResult delete(@RequestParam(&quot;idList&quot;) List&lt;Long&gt; idList) {&#10;        return success(this.$!{serviceName}.removeByIds(idList));&#10;    }&#10;}" />
                    <option name="name" value="controller" />
                  </Template>
                </list>
              </option>
              <option name="name" value="MybatisPlus" />
            </TemplateGroup>
          </value>
        </entry>
      </map>
    </option>
    <option name="typeMapperGroupMap">
      <map>
        <entry key="Default">
          <value>
            <TypeMapperGroup>
              <option name="elementList">
                <list>
                  <TypeMapper>
                    <option name="columnType" value="varchar(\(\d+\))?" />
                    <option name="javaType" value="java.lang.String" />
                  </TypeMapper>
                  <TypeMapper>
                    <option name="columnType" value="char(\(\d+\))?" />
                    <option name="javaType" value="java.lang.String" />
                  </TypeMapper>
                  <TypeMapper>
                    <option name="columnType" value="text" />
                    <option name="javaType" value="java.lang.String" />
                  </TypeMapper>
                  <TypeMapper>
                    <option name="columnType" value="decimal(\(\d+\))?" />
                    <option name="javaType" value="java.lang.Double" />
                  </TypeMapper>
                  <TypeMapper>
                    <option name="columnType" value="decimal(\(\d+,\d+\))?" />
                    <option name="javaType" value="java.lang.Double" />
                  </TypeMapper>
                  <TypeMapper>
                    <option name="columnType" value="integer" />
                    <option name="javaType" value="java.lang.Integer" />
                  </TypeMapper>
                  <TypeMapper>
                    <option name="columnType" value="int(\(\d+\))?" />
                    <option name="javaType" value="java.lang.Integer" />
                  </TypeMapper>
                  <TypeMapper>
                    <option name="columnType" value="int4" />
                    <option name="javaType" value="java.lang.Integer" />
                  </TypeMapper>
                  <TypeMapper>
                    <option name="columnType" value="int8" />
                    <option name="javaType" value="java.lang.Long" />
                  </TypeMapper>
                  <TypeMapper>
                    <option name="columnType" value="bigint(\(\d+\))?" />
                    <option name="javaType" value="java.lang.Long" />
                  </TypeMapper>
                  <TypeMapper>
                    <option name="columnType" value="datetime" />
                    <option name="javaType" value="java.util.Date" />
                  </TypeMapper>
                  <TypeMapper>
                    <option name="columnType" value="timestamp" />
                    <option name="javaType" value="java.util.Date" />
                  </TypeMapper>
                  <TypeMapper>
                    <option name="columnType" value="boolean" />
                    <option name="javaType" value="java.lang.Boolean" />
                  </TypeMapper>
                  <TypeMapper>
                    <option name="columnType" value="float" />
                    <option name="javaType" value="java.lang.Object" />
                  </TypeMapper>
                  <TypeMapper>
                    <option name="columnType" value="date" />
                    <option name="javaType" value="java.lang.Object" />
                  </TypeMapper>
                </list>
              </option>
              <option name="name" value="Default" />
            </TypeMapperGroup>
          </value>
        </entry>
      </map>
    </option>
  </component>
</application>